<?xml version="1.0" encoding="UTF-8"?>
<beans:beans xmlns="http://www.springframework.org/schema/mvc"
	xmlns:xsi="http://www.w3.org/2001/XMLSchema-instance"
	xmlns:beans="http://www.springframework.org/schema/beans"
	xmlns:context="http://www.springframework.org/schema/context"
	xsi:schemaLocation="http://www.springframework.org/schema/mvc https://www.springframework.org/schema/mvc/spring-mvc.xsd
		http://www.springframework.org/schema/beans https://www.springframework.org/schema/beans/spring-beans.xsd
		http://www.springframework.org/schema/context https://www.springframework.org/schema/context/spring-context.xsd">

	<!-- DispatcherServlet Context: defines this servlet's request-processing infrastructure -->
	
	<!-- Enables the Spring MVC @Controller programming model -->
	<annotation-driven>
		<message-converters>
			<beans:bean class="org.springframework.http.converter.StringHttpMessageConverter">
				<beans:property name="supportedMediaTypes">
					<beans:list>
						<beans:value>text/plain;charset=utf-8</beans:value>
						<beans:value>text/html;charset=utf-8</beans:value>
						<beans:value>application/json;charset=utf-8</beans:value>
					</beans:list>
				</beans:property>
			</beans:bean>
		</message-converters>
	</annotation-driven>

	<!-- Handles HTTP GET requests for /resources/** by efficiently serving up static resources in the ${webappRoot}/resources directory -->
	<resources mapping="/resources/**" location="/resources/" />
	<resources mapping="/first_img/**" location="file:c:/first_img/" />
	<resources mapping="/inner_img/**" location="file:c:/inner_img/" />
	<resources mapping="/upload/**" location="file:c:/upload/" />

	<!-- Resolves views selected for rendering by @Controllers to .jsp resources in the /WEB-INF/views directory -->
	<beans:bean class="org.springframework.web.servlet.view.InternalResourceViewResolver">
		<beans:property name="prefix" value="/WEB-INF/views/" />
		<beans:property name="suffix" value=".jsp" />
	</beans:bean>
	
	<beans:bean id="multipartResolver" class="org.springframework.web.multipart.commons.CommonsMultipartResolver">
		<beans:property name="maxInMemorySize" value="104857600" />	<!-- 100MB -->
		<beans:property name="maxUploadSize" value="104857600" />
		<beans:property name="defaultEncoding" value="utf-8" />
	</beans:bean>
	
	<context:component-scan base-package="com.itbank.controller" />
	
	<!-- 인터셉터 등록 -->
<!-- 	<interceptors> -->
<!-- 		<interceptor> -->
			<!-- 전체를 열어두지만, 일부만 차단하는 방식 -->
<!-- 			<mapping path="/mypage" /> -->
			<!-- 적용해야 될 주소가 많을 때 -->
			<!-- 전체 페이지가 인터셉터를 거치도록 하지만, exclude-mapping으로 제외된 것들은 인터셉터를 거치지 않는다 -->
			<!-- 전체를 차단하고, 일부만 열어주는 방식 -->
<!-- 			<mapping path="/**" /> -->
<!-- 			<exclude-mapping path="/"/> -->
<!-- 			<exclude-mapping path="/login"/> -->
<!-- 			<beans:bean class="com.itbank.interceptor.LoginInterceptor" /> -->
<!-- 		</interceptor> -->
<!-- 	</interceptors> -->
	
</beans:beans>
