<?xml version="1.0" encoding="UTF-8"?>
<!DOCTYPE mapper PUBLIC
		 "-//mybatis.org//DTD Mapper 3.0//EN"
		  "https://mybatis.org/dtd/mybatis-3-mapper.dtd">

<mapper namespace="com.itbank.repository.CampingDAO">
	
	<select id="getCampingList" resultType="camping" parameterType="hashmap">
		select c.camping_idx, c.facltNm, c.featurenm, c.intro, c.lineintro, c.tel, c.lctcl, c.addr1, c.camping_viewcount, ci.sbrscl, cimg.first_img   
    		from camping c 
    			join camping_internal ci on c.camping_idx = ci.camping_idx 
    			join camping_img cimg on c.camping_idx = cimg.camping_idx
    		where cimg.first_img is not null 
    		<if test="keyword != null">
	    		and c.facltNm like '%${keyword}%' 
    		</if>
    		<if test="induty != null">
    			and c.induty like '%${induty}%'
    		</if>
    		<if test="lctcl != null">
    			and c.lctcl = #{lctcl}
    		</if>
    		<if test="firstSelect != null">
				and c.doNm = #{firstSelect}
				<if test='secondSelect != "전체"'>
					and c.sigunguNm = #{secondSelect}
				</if>
			</if>
			order by c.camping_viewCount desc 
    		offset #{paging.offset} rows fetch next #{paging.perPage} rows only
	</select>
	 
	<select id="getListCnt" resultType="int">
		select count(*) from camping
	</select>
	
	<select id="selectOne" parameterType="int" resultType="camping">
	 	select c.*, ac.*, inter.*, intro.*, safe.*, img.first_img
   			from camping c
    		join camping_activity ac on c.camping_idx = ac.camping_idx
    		join camping_internal inter on c.camping_idx = inter.camping_idx
    		join camping_introduce intro on c.camping_idx = intro.camping_idx
    		join camping_safety_device safe on c.camping_idx = safe.camping_idx
    		join camping_img img on c.camping_idx = img.camping_idx
    		where c.camping_idx = #{camping_idx}
    		and img.first_img is not null
	</select>
	
	<select id="selectOneImage" resultType="camping" parameterType="int">
		    select c.camping_idx, img.inner_img
        		from camping c
       			join camping_img img
        		on c.camping_idx = img.camping_idx
        		where c.camping_idx = #{camping_idx}
        		and img.inner_img is not null
	</select>
	
	<update id="plusCamping_viewCount" parameterType="int">
			UPDATE camping set camping_viewcount = camping_viewcount + 1 where camping_idx = #{camping_idx}
	</update>
	
	<select id="getSearchCnt" parameterType="string" resultType="int">
		select count(*) from camping where camping_idx >= 1
		<if test="keyword != null">
			and facltNm like '%${keyword}%' 
		</if>
		<if test="induty != null">
			and induty like '%${induty}%'
		</if>
		<if test="lctcl != null">
			and lctcl = #{lctcl}
		</if>
		<if test='firstSelect != null'>
			and doNm = #{firstSelect}
			<if test='secondSelect != "전체"'>
				and sigunguNm = #{secondSelect}
			</if>
		</if>
	</select>
	
	<select id="selectMapY" parameterType="int" resultType="double">
		select mapY from camping_place where camping_idx = #{camping_idx}
	</select>
	
	<select id="selectMapX" parameterType="int" resultType="double">
		select mapX from camping_place where camping_idx = #{camping_idx}
	</select>
	
	<select id="selectAreaCode" parameterType="int" resultType="String">
		select a.areaCode
			from areacode a
			join camping c on c.addr1 like '%' || a.areaNm || '%'
			where camping_idx = #{camping_idx}
	</select>
	
	<insert id="campingInsert" parameterType="camping">
		insert into camping
<!-- 			(userid, -->
			(facltnm,
			featurenm,
			tooltip,
			induty,
			tel,
			homepage,
			lctcl,
			addr1,
			donm,
			sigungunm)
		values(
<!-- 			#{userid}, -->
			#{facltnm},
			#{featurenm},
			#{tooltip},
			#{induty},
			#{tel},
			#{homepage},
			#{lctcl},
			#{addr1},
			#{doNm},
			#{sigunguNm}
		)
	</insert>
	
	<select id="maxCampingIdx" resultType="int">
		select max(camping_idx) from camping
	</select>
	
	<insert id="campingImgInsert" parameterType="camping">
		insert into camping_img
			values(#{camping_idx}, #{first_img}, #{inner_img})
	</insert>

	<insert id="campingPlaceInsert" parameterType="camping">
		insert into camping_place
			values(
				#{camping_idx},
				#{mapX},
				#{mapY}
			)
	</insert>
	
	<insert id="activityInsert" parameterType="camping">
		insert into camping_activity
			values(#{camping_idx}, #{posblFcltyCl}, #{posblFcltyEtc}, #{exprnprogrmat}, #{exprnprogrm}, #{direction})
	</insert>
	
	<insert id="introduceInsert" parameterType="camping">
		insert into camping_introduce(
			camping_idx,
			caravAcmpnyAt,
			trlerAcmpnyAt,
			operPdCl,
			operDeCl,
			themaEnvrnCl,
			eqpmnLendCl,
			animalCmgCl,
			sitebottomcl1,
			sitebottomcl2,
			sitebottomcl3,
			sitebottomcl4,
			sitebottomcl5
			)
			values(
				#{camping_idx},
				#{caravAcmpnyAt},
				#{trlerAcmpnyAt},
				#{operPdCl},
				#{operDeCl},
				#{themaEnvrnCl},
				#{eqpmnLendCl},
				#{animalCmgCl},
				#{sitebottomcl1},
				#{sitebottomcl2},
				#{sitebottomcl3},
				#{sitebottomcl4},
				#{sitebottomcl5}
			)
	</insert>
	 
	 <insert id="internalInsert" parameterType="camping">
	 	insert into camping_internal
	 		values(
	 			#{camping_idx},
	 			#{sbrsCl},
	 			#{sbrsEtc},
	 			#{toiletCo},
	 			#{swrmCo},
	 			#{glamplnnerFclty},
	 			#{caravlnnerFclty}
	 		)
	 </insert>
	
	<insert id="safetyDeviceInsert" parameterType="camping">
		insert into camping_safety_device
			values(
				#{camping_idx},
				#{extshrCo},
				#{frprvtWrppCo},
				#{frprvtSandCo},
				#{fireSensorCo}
			)
	</insert>
	
	<insert id="campingSiteInsert" parameterType="camping">
		insert into camping_site
			values(
				#{camping_idx},
				#{siteMg1Co},
				#{siteMg2Co},
				#{siteMg3Co},
				#{siteMg1_price},
				#{siteMg2_price},
				#{siteMg3_price}
			)
	</insert>
	
	<update id="updateCamping" parameterType="camping">
		update camping
			set facltnm = #{facltnm},
			featurenm = #{featurenm},
			tooltip = #{tooltip},
			induty = #{induty},
			tel = #{tel},
			homepage = #{homepage},
			lctcl = #{lctcl},
			addr1 = #{addr1},
			donm = #{doNm},
			sigungunm = #{sigunguNm}
			where camping_idx = #{camping_idx}
	</update>
	
	<update id="updateCampingImg" parameterType="camping">
		update camping_img
			set
			first_img = #{first_img},
			inner_img = #{inner_img}
			where camping_idx = #{camping_idx}
	</update>
	
	<update id="updateInfoTwo" parameterType="camping">
		update camping_place
			set mapX = #{mapX},
			mapY = #{mapY}
			where camping_idx = #{camping_idx}
	</update>
	
	<update id="updateActivity" parameterType="camping">
		update camping_activity
			set posblFcltyCl = #{posblFcltyCl},
			posblFcltyEtc = #{posblFcltyEtc},
			exprnprogrmat = #{exprnprogrmat},
			exprnprogrm = #{exprnprogrm},
			direction = #{direction}
			where camping_idx = #{camping_idx}
	</update>
	<update id="updateIntroduce" parameterType="camping">
		update camping_introduce
			set caravAcmpnyAt = #{caravAcmpnyAt},
			trlerAcmpnyAt = #{trlerAcmpnyAt},
			operPdCl = #{operPdCl},
			operDeCl = #{operDeCl},
			themaEnvrnCl = #{themaEnvrnCl},
			eqpmnLendCl = #{eqpmnLendCl},
			animalCmgCl = #{animalCmgCl},
			sitebottomcl1 = #{sitebottomcl1},
			sitebottomcl2 = #{sitebottomcl2},
			sitebottomcl3 = #{sitebottomcl3},
			sitebottomcl4 = #{sitebottomcl4},
			sitebottomcl5 = #{sitebottomcl5}
			where camping_idx = #{camping_idx}
	</update>
	
	<update id="updateInternal" parameterType="camping">
		update camping_internal
			set 
			sbrsCl = #{sbrsCl},
			sbrsEtc = #{sbrsEtc},
			toiletCo = #{toiletCo},
			swrmCo = #{swrmCo},
			GLAMPINNERFCLTY = #{glamplnnerFclty},
			CARAVINNERFCLTY = #{caravlnnerFclty}
			where camping_idx = #{camping_idx}
	</update>
	
	<update id="updateSafety" parameterType="camping">
		update camping_safety_device
			set 
			extshrCo = #{extshrCo},
			frprvtWrppCo = #{frprvtWrppCo},
			frprvtSandCo = #{frprvtSandCo},
			fireSensorCo = #{fireSensorCo}
			where camping_idx = #{camping_idx}
	</update>
	
	<update id="updateSite" parameterType="camping">
		update camping_site
			set
			siteMg1Co = #{siteMg1Co},
			siteMg2Co = #{siteMg2Co},
			siteMg3Co = #{siteMg3Co},
			siteMg1_price = #{siteMg1_price},
			siteMg2_price = #{siteMg2_price},
			siteMg3_price = #{siteMg3_price}
			where camping_idx = #{camping_idx}
	</update>
	
	<!-- 이전 버튼 누를 때 삭제 -->
	<delete id="deleteCamping" parameterType="int">
		delete camping where camping_idx = #{camping_idx}
	</delete>
	
	<delete id="deleteCampingImg" parameterType="camping">
		delete camping_img where camping_idx = #{camping_idx}
	</delete>
	
	<delete id="deleteCampingActivity" parameterType="int">
		delete camping_activity where camping_idx = #{camping_idx}
	</delete>
	
	<delete id="deleteCampingIntoduce" parameterType="int">
		delete camping_introduce where camping_idx = #{camping_idx}
	</delete>
	
	<delete id="deleteCampingPlace" parameterType="int">
		delete camping_place where camping_idx = #{camping_idx}
	</delete>
	
	<delete id="deleteCampingInternal" parameterType="int">
		delete camping_internal where camping_idx = #{camping_idx}
	</delete>
	
	<delete id="deleteCampingSafetyDevice" parameterType="int">
		delete camping_safety_device where camping_idx = #{camping_idx}
	</delete>
	
	<delete id="deleteCampingSite" parameterType="int">
		delete camping_site where camping_idx = #{camping_idx}
	</delete>
	
	<select id="selectCamping" resultType="camping" parameterType="int">
		select *
			from camping c
			join camping_img img
			on c.camping_idx = img.camping_idx
			where c.camping_idx = #{camping_idx} 
			and img.first_img is not null
	</select>
	
	<select id="selectCampingTwo" resultType="camping" parameterType="int">
		select pla.*, ac.*, intro.*
		 	from camping_place pla 
		 	join camping_activity ac on pla.camping_idx = ac.camping_idx
		 	join camping_introduce intro on pla.camping_idx = intro.camping_idx
		 	where pla.camping_idx = #{camping_idx}
	</select>
	
	<select id="selectCampingThree" resultType="camping" parameterType="int">
		select inter.*, safe.*, site.*
			from camping_internal inter
			join camping_safety_device safe on inter.camping_idx = safe.camping_idx
			join camping_site site on inter.camping_idx = site.camping_idx
			where inter.camping_idx = #{camping_idx}
	</select>
	
	<select id="selectFacltnmList" resultType="String">
		select facltnm from camping
	</select>
</mapper>