<?xml version="1.0" encoding="UTF-8"?>
<beans xmlns="http://www.springframework.org/schema/beans"
   xmlns:xsi="http://www.w3.org/2001/XMLSchema-instance"
   xmlns:context="http://www.springframework.org/schema/context"
   xmlns:mybatis-spring="http://mybatis.org/schema/mybatis-spring"
   xsi:schemaLocation="http://mybatis.org/schema/mybatis-spring http://mybatis.org/schema/mybatis-spring-1.2.xsd
      http://www.springframework.org/schema/beans https://www.springframework.org/schema/beans/spring-beans.xsd
      http://www.springframework.org/schema/context http://www.springframework.org/schema/context/spring-context-4.3.xsd">
   
   <!-- Root Context: defines shared resources visible to all other web components -->
      
      <!-- Root Context: defines shared resources visible to all other web components -->

<!-- 		전자지갑 -->
   <bean id="hikariConfig" class="com.zaxxer.hikari.HikariConfig">
      <property name="driverClassName" value="oracle.jdbc.driver.OracleDriver" />
      <property name="jdbcUrl" value="jdbc:oracle:thin:@qg03d94fk050ufvr_high?TNS_ADMIN=C:/Wallet_QG03D94FK050UFVR" />
      <property name="username" value="admin" />
      <property name="password" value="Camping00000@@" />
      <property name="maximumPoolSize" value="5" />
   </bean>
   
   <bean id="dataSource" class="com.zaxxer.hikari.HikariDataSource">
      <constructor-arg ref="hikariConfig" />
   </bean>
   
   <bean id="sqlSessionFactory" class="org.mybatis.spring.SqlSessionFactoryBean">
         <property name="dataSource" ref="dataSource" />
         <property name="configLocation" value="classpath:mybatis/config.xml" />
         <property name="mapperLocations">
            <list>
               <value>classpath:mybatis/user-mapper.xml</value>
            </list>
         </property>
   </bean>
   
   <bean id="sqlSessionTemplate" class="org.mybatis.spring.SqlSessionTemplate">
      <constructor-arg ref="sqlSessionFactory" />
   </bean>

   <mybatis-spring:scan base-package="com.itbank.repository"/>
   <context:component-scan base-package="com.itbank.component" />
   <context:component-scan base-package="com.itbank.service" />
   
</beans>